Title,Genres
The Book on the Shelf,Mystery|Horror|Thriller
Boxing Day,Thriller|Action|Holiday
Christmas Tale,Holiday|Family|Comedy
Shadow in the Library,Mystery|Drama|Thriller
Galaxy Drift,Sci-Fi|Adventure|Action
Love in Autumn,Romance|Drama|Comedy
Haunted Echoes,Horror|Mystery|Supernatural
The Last Voyage,Adventure|Drama|Action
Neon Nights,Sci-Fi|Thriller|Crime
Cooking Up Trouble,Comedy|Family|Drama
The Hidden Key,Mystery|Adventure|Fantasy
Winter Hearts,Romance|Holiday|Drama
Robot Rebellion,Sci-Fi|Action|Thriller
Laugh Track,Comedy|Drama|Slice of Life
Deep Sea Secret,Adventure|Mystery|Sci-Fi
Festival Lights,Holiday|Romance|Comedy
Crimson Chase,Action|Crime|Thriller
Dreamwalker,Fantasy|Mystery|Drama
The Silent Witness,Mystery|Crime|Drama
Alien Horizon,Sci-Fi|Adventure|Thriller
Family Reunion,Family|Comedy|Drama
Midnight Howl,Horror|Thriller|Supernatural
The Golden Quest,Adventure|Fantasy|Action
Broken Strings,Drama|Romance|Music
Snowbound Escape,Thriller|Adventure|Drama
Parallel Lives,Sci-Fi|Drama|Romance
The Forgotten Room,Horror|Mystery|Drama
City of Masks,Crime|Mystery|Thriller
Sunset Comedy,Comedy|Romance|Drama
Legends of Aria,Fantasy|Adventure|Drama
Midnight Circuit,Sci-Fi|Thriller|Action
The Painted Garden,Drama|Romance|Mystery
Echoes of Tomorrow,Sci-Fi|Drama|Adventure
The Clockmaker’s Secret,Mystery|Fantasy|Drama
Stormbreak,Action|Adventure|Thriller
Laughing Matters,Comedy|Family|Romance
The Hollow Path,Horror|Mystery|Thriller
Celestial Bound,Sci-Fi|Fantasy|Adventure
The Great Bake-Off Disaster,Comedy|Family|Drama
Fragments of Us,Romance|Drama|Indie
Night Market Secrets,Crime|Mystery|Drama
Frostfire,Fantasy|Adventure|Action
Chasing Daylight,Drama|Adventure|Romance
The Puppet Master,Thriller|Crime|Mystery
Alien Signal,Sci-Fi|Horror|Thriller
The Summer Pact,Romance|Comedy|Drama
Broken Code,Sci-Fi|Crime|Thriller
The Lantern Keeper,Fantasy|Drama|Mystery
Speed Demons,Action|Crime|Thriller
Haunted Harbor,Horror|Mystery|Adventure
Parallel Dreams,Sci-Fi|Romance|Drama
Family Circus,Comedy|Family|Slice of Life
The Crimson Letter,Drama|Romance|Mystery
Skyward Bound,Adventure|Drama|Action
The Last Laugh,Comedy|Drama|Indie
Shadow Games,Thriller|Mystery|Crime
The Enchanted Map,Fantasy|Adventure|Family
City Lights Forever,Romance|Drama|Comedy
Deep Freeze,Thriller|Sci-Fi|Horror
The Secret Recipe,Comedy|Family|Drama